timestamp_utc,step,curriculum_stage,lr,loss,ce,kd,aux,grad_norm,max_grad_norm,tok_s,interval_sec,step_wall_sec,cpu_percent,ram_used_gb,ram_total_gb,gpu_device,gpu_allocated_gb,gpu_reserved_gb,gpu_total_gb,gpu_util_percent,gpu_temp_c,gpu_power_w,gpu_power_limit_w,gpu_mem_used_gb_smi,gpu_mem_total_gb_smi,disk_used_gb,disk_free_gb,disk_total_gb,continual_ema_loss,continual_replay_size,continual_drift_alert,moe_max_load,moe_avg_std,moe_load_entropy,moe_capacity_overflow,router_collapse,cbd,lsep,ent,mode,mem
2026-07-02T14:52:22Z,10,,8.19672e-05,10.3938,10.3535,,2.01195,0.488847,,,,,,,,,,,,,,,,,,,,,,,,,,,,,,,,,
2026-07-02T14:52:22Z,10,1,8.19672e-05,10.4331,10.3535,0,2.01195,0.425678,0.488847,10732,15.0893,0.754466,,,,,,,,,,,,,,,,,,,,0.157529,0.018824,0.995234,0.006073,,,,,,
2026-07-02T14:52:34Z,20,,0.000163934,10.3002,10.2599,,2.01491,0.526746,,,,,,,,,,,,,,,,,,,,,,,,,,,,,,,,,
2026-07-02T14:52:34Z,20,1,0.000163934,10.3717,10.2599,0,2.01491,0.457878,0.526746,13223.7,12.2511,0.612554,,,,,,,,,,,,,,,,,,,,0.157422,0.0189961,0.994797,0.00372314,,,,,,
2026-07-02T14:52:48Z,30,,0.000245902,10.0984,10.058,,2.02006,1.63011,,,,,,,,,,,,,,,,,,,,,,,,,,,,,,,,,
2026-07-02T14:52:48Z,30,1,0.000245902,10.2259,10.058,0,2.02006,0.838032,1.63011,11435.6,14.0453,0.702263,,,,,,,,,,,,,,,,,,,,0.157422,0.0218183,0.993087,0.00372314,,,,,,
2026-07-02T14:53:03Z,40,,0.000327869,9.51721,9.47587,,2.06693,137.551,,,,,,,,,,,,,,,,,,,,,,,,,,,,,,,,,
2026-07-02T14:53:03Z,40,1,0.000327869,9.83759,9.47587,0,2.06693,31.2168,137.551,11355.4,14.1889,0.709444,,,,,,,,,,,,,,,,,,,,0.191771,0.0442194,0.970664,0.102905,,,,,,
2026-07-02T14:53:17Z,50,,0.000409836,8.35768,8.30888,,2.43987,427587,,,,,,,,,,,,,,,,,,,,,,,,,,,,,,,,,
2026-07-02T14:53:17Z,50,1,0.000409836,8.90531,8.30888,0,2.43987,75008.5,427587,11522.4,14.023,0.70115,,,,,,,,,,,,,,,,,,,,0.26687,0.0723763,0.901481,0.216675,,,,,,
2026-07-02T14:53:29Z,60,,0.000491803,8.22868,8.12093,,5.38738,16276.6,,,,,,,,,,,,,,,,,,,,,,,,,,,,,,,,,
2026-07-02T14:53:29Z,60,1,0.000491803,8.21512,8.12093,0,5.38738,9.84014e+06,6.57035e+07,12791.2,12.5869,0.629344,,,,,,,,,,,,,,,,,,,,0.738932,0.155082,0.642273,0.39447,,,,,,
2026-07-02T14:53:44Z,70,,0.00057377,8.34413,8.2579,,4.31144,4.37742e+10,,,,,,,,,,,,,,,,,,,,,,,,,,,,,,,,,
2026-07-02T14:53:44Z,70,1,0.00057377,8.24352,8.2579,0,4.31144,1.62164e+11,1.47536e+12,10908.1,14.7743,0.738716,,,,,,,,,,,,,,,,,,,,0.469868,0.103103,0.85308,0.285278,,,,,,
2026-07-02T14:53:58Z,80,,0.000655738,8.51742,8.47386,,2.17786,3.6091e+11,,,,,,,,,,,,,,,,,,,,,,,,,,,,,,,,,
2026-07-02T14:53:58Z,80,1,0.000655738,8.44532,8.47386,0,2.17786,5.56047e+11,1.47536e+12,11552.3,14.0111,0.700555,,,,,,,,,,,,,,,,,,,,0.301404,0.080997,0.896455,0.232635,,,,,,
2026-07-02T14:54:12Z,90,,0.000737705,8.48636,8.44298,,2.16929,4.83762e+11,,,,,,,,,,,,,,,,,,,,,,,,,,,,,,,,,
2026-07-02T14:54:12Z,90,1,0.000737705,8.47978,8.44298,0,2.16929,7.25147e+11,1.52602e+12,11482.9,13.9665,0.698324,,,,,,,,,,,,,,,,,,,,0.35266,0.0925599,0.865163,0.267822,,,,,,
2026-07-02T14:54:26Z,100,,0.000819672,8.32493,8.28028,,2.23232,6.24803e+11,,,,,,,,,,,,,,,,,,,,,,,,,,,,,,,,,
2026-07-02T14:54:26Z,100,1,0.000819672,8.39654,8.28028,0,2.23232,4.24899e+11,1.52602e+12,11694.7,13.7263,0.686313,11.8,12.8397,31.6096,0,2.2642,5.86328,7.95953,22,61,45.35,,6.02148,7.95996,347.71,605.146,952.856,,,,0.398315,0.104455,0.83014,0.310242,,,,,,
2026-07-02T14:54:40Z,110,,0.000901639,8.2944,8.24737,,2.35127,7.25138e+11,,,,,,,,,,,,,,,,,,,,,,,,,,,,,,,,,
2026-07-02T14:54:40Z,110,1,0.000901639,8.33881,8.24737,0,2.35127,5.72993e+11,1.52602e+12,11363.3,14.1818,0.70909,,,,,,,,,,,,,,,,,,,,0.422386,0.115325,0.794415,0.348907,,,,,,
2026-07-02T14:54:54Z,120,,0.000983607,8.61185,8.56506,,2.33956,2.82312e+11,,,,,,,,,,,,,,,,,,,,,,,,,,,,,,,,,
2026-07-02T14:54:54Z,120,1,0.000983607,8.37652,8.56506,0,2.33956,2.91805e+11,1.52602e+12,11912.6,13.5191,0.675955,,,,,,,,,,,,,,,,,,,,0.419944,0.109566,0.804319,0.323029,,,,,,
2026-07-02T14:55:08Z,130,,0.00106557,8.45003,8.40331,,2.33639,1.44792e+12,,,,,,,,,,,,,,,,,,,,,,,,,,,,,,,,,
2026-07-02T14:55:08Z,130,1,0.00106557,8.3899,8.40331,0,2.33639,1.39398e+12,1.02325e+13,10989.1,14.6625,0.733124,,,,,,,,,,,,,,,,,,,,0.453355,0.109164,0.816139,0.314911,,,,,,
2026-07-02T14:55:23Z,140,,0.00114754,8.43654,8.38884,,2.38495,3.23594e+11,,,,,,,,,,,,,,,,,,,,,,,,,,,,,,,,,
2026-07-02T14:55:23Z,140,1,0.00114754,8.44977,8.38884,0,2.38495,6.96897e+11,1.02325e+13,11107.8,14.5233,0.726167,,,,,,,,,,,,,,,,,,,,0.416795,0.100828,0.832352,0.283569,,,,,,
2026-07-02T14:55:37Z,150,,0.00122951,8.51048,8.46274,,2.38713,9.10523e+11,,,,,,,,,,,,,,,,,,,,,,,,,,,,,,,,,
2026-07-02T14:55:37Z,150,1,0.00122951,8.50381,8.46274,0,2.38713,6.7906e+12,5.76537e+13,11405.6,14.1796,0.708978,,,,,,,,,,,,,,,,,,,,0.433676,0.102031,0.835696,0.290222,,,,,,
2026-07-02T14:55:51Z,160,,0.00131148,8.60796,8.55821,,2.4872,1.10336e+11,,,,,,,,,,,,,,,,,,,,,,,,,,,,,,,,,
2026-07-02T14:55:51Z,160,1,0.00131148,8.55858,8.55821,0,2.4872,1.01447e+12,5.76537e+13,11374.2,14.1894,0.709472,,,,,,,,,,,,,,,,,,,,0.376009,0.097047,0.841161,0.273926,,,,,,
2026-07-02T14:56:05Z,170,,0.00139344,8.6916,8.64514,,2.32265,1.41659e+10,,,,,,,,,,,,,,,,,,,,,,,,,,,,,,,,,
2026-07-02T14:56:05Z,170,1,0.00139344,8.6016,8.64514,0,2.32265,2.19801e+12,5.76537e+13,11390.2,14.2282,0.711411,,,,,,,,,,,,,,,,,,,,0.440552,0.100857,0.850164,0.280731,,,,,,
2026-07-02T14:56:19Z,180,,0.00147541,8.71676,8.66862,,2.4067,1.8718e+11,,,,,,,,,,,,,,,,,,,,,,,,,,,,,,,,,
2026-07-02T14:56:19Z,180,1,0.00147541,8.63491,8.66862,0,2.4067,8.98631e+12,8.29893e+13,11695.9,13.8166,0.69083,,,,,,,,,,,,,,,,,,,,0.368412,0.0940622,0.847226,0.262787,,,,,,
2026-07-02T14:56:33Z,190,,0.0015,8.75055,8.70114,,2.47039,5.13606e+11,,,,,,,,,,,,,,,,,,,,,,,,,,,,,,,,,
2026-07-02T14:56:33Z,190,1,0.0015,8.68756,8.70114,0,2.47039,5.1862e+11,8.29893e+13,11911.1,13.5423,0.677114,,,,,,,,,,,,,,,,,,,,0.5018,0.113161,0.810518,0.318573,,,,,,
2026-07-02T14:56:46Z,200,,0.0015,8.74796,8.69093,,2.8519,1.45403e+12,,,,,,,,,,,,,,,,,,,,,,,,,,,,,,,,,
2026-07-02T14:56:46Z,200,1,0.0015,8.75166,8.69093,0,2.8519,1.1177e+12,8.29893e+13,11891.6,13.6003,0.680017,11.7,12.709,31.6096,0,2.2642,5.86328,7.95953,30,59,50.15,,6.02148,7.95996,347.732,605.124,952.856,,,,0.584527,0.129562,0.767573,0.351715,,,,,,
2026-07-02T14:57:00Z,210,,0.0015,8.90349,8.83973,,3.18777,6.78121e+12,,,,,,,,,,,,,,,,,,,,,,,,,,,,,,,,,
2026-07-02T14:57:00Z,210,1,0.0015,8.88205,8.83973,0,3.18777,2.30827e+12,8.29893e+13,11745.6,13.6582,0.682909,,,,,,,,,,,,,,,,,,,,0.559848,0.124703,0.776987,0.338654,,,,,,
2026-07-02T14:57:13Z,220,,0.0015,9.0114,8.94182,,3.47893,1.02195e+13,,,,,,,,,,,,,,,,,,,,,,,,,,,,,,,,,
2026-07-02T14:57:13Z,220,1,0.0015,8.98477,8.94182,0,3.47893,9.9933e+12,8.29893e+13,12825.5,12.6406,0.632028,,,,,,,,,,,,,,,,,,,,0.51942,0.117933,0.796841,0.332092,,,,,,
2026-07-02T14:57:27Z,230,,0.0015,9.20586,9.1274,,3.92299,5.18368e+11,,,,,,,,,,,,,,,,,,,,,,,,,,,,,,,,,
2026-07-02T14:57:27Z,230,1,0.0015,9.09109,9.1274,0,3.92299,3.48349e+13,1.27684e+14,11457,14.1652,0.708259,,,,,,,,,,,,,,,,,,,,0.579785,0.128523,0.751643,0.338684,,,,,,
2026-07-02T14:57:41Z,240,,0.0015,9.2337,9.16811,,3.27949,8.7428e+13,,,,,,,,,,,,,,,,,,,,,,,,,,,,,,,,,
2026-07-02T14:57:41Z,240,1,0.0015,9.17969,9.16811,0,3.27949,2.54664e+14,1.09841e+15,11223.4,14.5344,0.726721,,,,,,,,,,,,,,,,,,,,0.513035,0.11521,0.815834,0.32074,,,,,,
2026-07-02T14:57:55Z,250,,0.0015,9.37024,9.30917,,3.05347,1.16629e+14,,,,,,,,,,,,,,,,,,,,,,,,,,,,,,,,,
2026-07-02T14:57:55Z,250,1,0.0015,9.30238,9.30917,0,3.05347,3.07586e+14,2.41374e+15,11432.3,13.9978,0.699891,,,,,,,,,,,,,,,,,,,,0.428607,0.0991003,0.850071,0.285248,,,,,,
2026-07-02T14:58:09Z,260,,0.0015,9.3769,9.31399,,3.14542,4.23777e+14,,,,,,,,,,,,,,,,,,,,,,,,,,,,,,,,,
2026-07-02T14:58:09Z,260,1,0.0015,9.38237,9.31399,0,3.14542,8.54694e+14,3.54938e+15,11587.8,13.9755,0.698776,,,,,,,,,,,,,,,,,,,,0.409248,0.0999955,0.833224,0.284027,,,,,,
2026-07-02T14:58:24Z,270,,0.0015,9.47458,9.40054,,3.70162,3.47254e+14,,,,,,,,,,,,,,,,,,,,,,,,,,,,,,,,,
2026-07-02T14:58:24Z,270,1,0.0015,9.47708,9.40054,0,3.70162,1.42149e+15,1.26546e+16,11194.6,14.463,0.723149,,,,,,,,,,,,,,,,,,,,0.607878,0.135094,0.729676,0.36377,,,,,,
2026-07-02T14:58:37Z,280,,0.0015,9.60477,9.51676,,4.40059,1.65211e+13,,,,,,,,,,,,,,,,,,,,,,,,,,,,,,,,,
2026-07-02T14:58:37Z,280,1,0.0015,9.57177,9.51676,0,4.40059,5.61352e+14,1.26546e+16,12458.7,12.9903,0.649515,,,,,,,,,,,,,,,,,,,,0.6067,0.133891,0.735244,0.354645,,,,,,
2026-07-02T14:58:51Z,290,,0.0015,9.42691,9.34099,,4.29599,1.84846e+13,,,,,,,,,,,,,,,,,,,,,,,,,,,,,,,,,
2026-07-02T14:58:51Z,290,1,0.0015,9.54086,9.34099,0,4.29599,4.07703e+14,1.26546e+16,11047.2,14.6641,0.733207,,,,,,,,,,,,,,,,,,,,0.593983,0.133991,0.732971,0.363251,,,,,,
2026-07-02T14:59:06Z,300,,0.0015,9.64554,9.57488,,3.53271,1.09732e+14,,,,,,,,,,,,,,,,,,,,,,,,,,,,,,,,,
2026-07-02T14:59:06Z,300,1,0.0015,9.47678,9.57488,0,3.53271,6.34095e+14,1.26546e+16,11249.6,14.2914,0.714569,12.3,12.7782,31.6096,0,2.2642,5.86328,7.95953,28,59,46.07,,6.02148,7.95996,347.737,605.12,952.856,,,,0.405199,0.114256,0.769459,0.333221,,,,,,
2026-07-02T14:59:20Z,310,,0.0015,9.73954,9.64869,,4.54264,3.74869e+14,,,,,,,,,,,,,,,,,,,,,,,,,,,,,,,,,
2026-07-02T14:59:20Z,310,1,0.0015,9.7511,9.64869,0,4.54264,1.53389e+14,1.26546e+16,11073.2,14.5763,0.728817,,,,,,,,,,,,,,,,,,,,0.593077,0.130449,0.751078,0.350525,,,,,,
2026-07-02T14:59:35Z,320,,0.0015,9.66764,9.60337,,3.21355,2.31553e+14,,,,,,,,,,,,,,,,,,,,,,,,,,,,,,,,,
2026-07-02T14:59:35Z,320,1,0.0015,9.67878,9.60337,0,3.21355,2.3666e+14,1.26546e+16,11077.1,14.6207,0.731033,,,,,,,,,,,,,,,,,,,,0.411073,0.0984732,0.840921,0.278198,,,,,,
2026-07-02T14:59:49Z,330,,0.0015,9.56253,9.49249,,3.50172,2.31196e+11,,,,,,,,,,,,,,,,,,,,,,,,,,,,,,,,,
2026-07-02T14:59:49Z,330,1,0.0015,9.58807,9.49249,0,3.50172,7.11695e+13,1.26546e+16,11483.9,14.093,0.704652,,,,,,,,,,,,,,,,,,,,0.452249,0.104462,0.823082,0.291809,,,,,,
2026-07-02T15:00:03Z,340,,0.0015,9.30352,9.23591,,3.38031,1.56029e+11,,,,,,,,,,,,,,,,,,,,,,,,,,,,,,,,,
2026-07-02T15:00:03Z,340,1,0.0015,9.328,9.23591,0,3.38031,1.04043e+12,1.26546e+16,11450.4,14.048,0.702399,,,,,,,,,,,,,,,,,,,,0.424968,0.099734,0.835532,0.280914,,,,,,
2026-07-02T15:00:17Z,350,,0.0015,9.25406,9.18626,,3.39001,9.82324e+10,,,,,,,,,,,,,,,,,,,,,,,,,,,,,,,,,
2026-07-02T15:00:17Z,350,1,0.0015,9.19113,9.18626,0,3.39001,4.91714e+13,1.26546e+16,11236.1,14.2201,0.711006,,,,,,,,,,,,,,,,,,,,0.394022,0.0952932,0.843691,0.265717,,,,,,
2026-07-02T15:00:32Z,360,,0.0015,9.17543,9.10742,,3.40039,5.96939e+07,,,,,,,,,,,,,,,,,,,,,,,,,,,,,,,,,
2026-07-02T15:00:32Z,360,1,0.0015,9.17222,9.10742,0,3.40039,5.04675e+09,1.26546e+16,11188.2,14.4017,0.720087,,,,,,,,,,,,,,,,,,,,0.451833,0.105131,0.828051,0.299011,,,,,,
2026-07-02T15:00:46Z,370,,0.0015,9.54158,9.47005,,3.57684,5.36043e+10,,,,,,,,,,,,,,,,,,,,,,,,,,,,,,,,,
2026-07-02T15:00:46Z,370,1,0.0015,9.31816,9.47005,0,3.57684,1.05933e+12,1.26546e+16,11459.3,14.1356,0.706778,,,,,,,,,,,,,,,,,,,,0.363644,0.0924758,0.862059,0.263153,,,,,,
2026-07-02T15:01:00Z,380,,0.0015,9.94333,9.87414,,3.45907,1.53242e+12,,,,,,,,,,,,,,,,,,,,,,,,,,,,,,,,,
2026-07-02T15:01:00Z,380,1,0.0015,9.71253,9.87414,0,3.45907,1.06639e+12,1.26546e+16,11036.6,14.5525,0.727624,,,,,,,,,,,,,,,,,,,,0.316297,0.0839493,0.883917,0.239288,,,,,,
2026-07-02T15:01:15Z,390,,0.0015,9.86587,9.78381,,4.10307,1.3256e+13,,,,,,,,,,,,,,,,,,,,,,,,,,,,,,,,,
2026-07-02T15:01:15Z,390,1,0.0015,9.94341,9.78381,0,4.10307,3.19044e+14,1.26546e+16,11117.8,14.485,0.724251,,,,,,,,,,,,,,,,,,,,0.407284,0.0996456,0.846773,0.287476,,,,,,
2026-07-02T15:01:29Z,400,,0.0015,9.83499,9.75198,,4.15069,8.45626e+10,,,,,,,,,,,,,,,,,,,,,,,,,,,,,,,,,
2026-07-02T15:01:29Z,400,1,0.0015,9.97529,9.75198,0,4.15069,2.17263e+12,1.26546e+16,11529.4,14.0996,0.704978,11.3,12.7724,31.6096,0,2.2642,5.86328,7.95953,62,62,52.39,,6.02148,7.95996,347.733,605.124,952.856,,,,0.392979,0.0981988,0.850278,0.280518,,,,,,
2026-07-02T15:01:43Z,410,,0.0015,9.82875,9.75079,,3.8976,4.40562e+10,,,,,,,,,,,,,,,,,,,,,,,,,,,,,,,,,
2026-07-02T15:01:43Z,410,1,0.0015,9.88026,9.75079,0,3.8976,1.74606e+11,1.26546e+16,11635.2,13.9006,0.695031,,,,,,,,,,,,,,,,,,,,0.349013,0.0892219,0.871742,0.254791,,,,,,
2026-07-02T15:01:57Z,420,,0.0015,9.88214,9.80338,,3.93805,2.80366e+12,,,,,,,,,,,,,,,,,,,,,,,,,,,,,,,,,
2026-07-02T15:01:57Z,420,1,0.0015,9.84227,9.80338,0,3.93805,2.57378e+12,1.26546e+16,11456.5,14.125,0.706251,,,,,,,,,,,,,,,,,,,,0.385922,0.0951538,0.860047,0.276367,,,,,,
2026-07-02T15:02:11Z,430,,0.0015,10.0177,9.9496,,3.40713,2.13338e+11,,,,,,,,,,,,,,,,,,,,,,,,,,,,,,,,,
2026-07-02T15:02:11Z,430,1,0.0015,10.055,9.9496,0,3.40713,3.01894e+12,1.26546e+16,11613.9,13.9299,0.696494,,,,,,,,,,,,,,,,,,,,0.340668,0.085457,0.887577,0.248596,,,,,,
2026-07-02T15:02:24Z,440,,0.0015,10.2614,10.1764,,4.25058,9.14031e+11,,,,,,,,,,,,,,,,,,,,,,,,,,,,,,,,,
2026-07-02T15:02:24Z,440,1,0.0015,10.2095,10.1764,0,4.25058,1.91433e+12,1.26546e+16,12114.2,13.376,0.668798,,,,,,,,,,,,,,,,,,,,0.461864,0.1057,0.841059,0.306335,,,,,,
2026-07-02T15:02:38Z,450,,0.0015,10.3295,10.2508,,3.93597,8.44626e+13,,,,,,,,,,,,,,,,,,,,,,,,,,,,,,,,,
2026-07-02T15:02:38Z,450,1,0.0015,10.2316,10.2508,0,3.93597,1.1319e+13,1.26546e+16,11610.5,13.9106,0.69553,,,,,,,,,,,,,,,,,,,,0.431307,0.0987378,0.858857,0.289337,,,,,,
2026-07-02T15:02:51Z,460,,0.0015,10.1821,10.1038,,3.91243,1.10363e+13,,,,,,,,,,,,,,,,,,,,,,,,,,,,,,,,,
2026-07-02T15:02:51Z,460,1,0.0015,10.3222,10.1038,0,3.91243,9.41571e+13,1.26546e+16,12381.7,13.1119,0.655597,,,,,,,,,,,,,,,,,,,,0.430526,0.0993587,0.856752,0.28949,,,,,,
2026-07-02T15:03:05Z,470,,0.0015,9.5198,9.46077,,2.95168,5.89317e+08,,,,,,,,,,,,,,,,,,,,,,,,,,,,,,,,,
2026-07-02T15:03:05Z,470,1,0.0015,9.77057,9.46077,0,2.95168,6.15148e+10,1.26546e+16,11793.1,13.7506,0.687531,,,,,,,,,,,,,,,,,,,,0.332991,0.0824895,0.892539,0.235046,,,,,,
2026-07-02T15:03:19Z,480,,0.0015,9.33649,9.28208,,2.72086,4.20291e+08,,,,,,,,,,,,,,,,,,,,,,,,,,,,,,,,,
2026-07-02T15:03:19Z,480,1,0.0015,9.45478,9.28208,0,2.72086,1.13348e+09,1.26546e+16,11810.1,13.5392,0.676961,,,,,,,,,,,,,,,,,,,,0.306824,0.0784141,0.898612,0.22168,,,,,,
2026-07-02T15:03:32Z,490,,0.0015,9.48373,9.42732,,2.8203,9.08436e+08,,,,,,,,,,,,,,,,,,,,,,,,,,,,,,,,,
2026-07-02T15:03:32Z,490,1,0.0015,9.36053,9.42732,0,2.8203,6.29544e+08,1.26546e+16,12435.4,13.0289,0.651447,,,,,,,,,,,,,,,,,,,,0.346499,0.0834874,0.892934,0.251404,,,,,,
2026-07-02T15:03:45Z,500,,0.0015,9.8377,9.78168,,2.80063,2.25505e+10,,,,,,,,,,,,,,,,,,,,,,,,,,,,,,,,,
2026-07-02T15:03:45Z,500,1,0.0015,9.66734,9.78168,0,2.80063,1.32128e+10,1.26546e+16,12255,13.1353,0.656764,10.9,12.6063,31.6096,0,2.2642,5.86523,7.95953,19,60,57.53,,6.02344,7.95996,347.733,605.123,952.856,,,,0.357607,0.0865542,0.888143,0.258209,,,,,,
2026-07-02T15:04:06Z,510,,0.0015,10.5339,10.4727,,3.05818,1.85506e+11,,,,,,,,,,,,,,,,,,,,,,,,,,,,,,,,,
2026-07-02T15:04:06Z,510,1,0.0015,10.1469,10.4727,0,3.05818,5.13478e+10,1.26546e+16,7595.85,21.2217,1.06109,,,,,,,,,,,,,,,,,,,,0.377788,0.0909886,0.866444,0.248138,,,,,,
2026-07-02T15:04:23Z,520,,0.0015,10.0396,9.98632,,2.66493,1.97528e+06,,,,,,,,,,,,,,,,,,,,,,,,,,,,,,,,,
2026-07-02T15:04:23Z,520,1,0.0015,10.2271,9.98632,0,2.66493,5.46289e+09,1.26546e+16,9608.87,16.7916,0.839579,,,,,,,,,,,,,,,,,,,,0.332106,0.081563,0.890915,0.238953,,,,,,
2026-07-02T15:04:40Z,530,,0.0015,11.2667,11.2111,,2.77828,2.87297e+11,,,,,,,,,,,,,,,,,,,,,,,,,,,,,,,,,
2026-07-02T15:04:40Z,530,1,0.0015,10.5894,11.2111,0,2.77828,7.06052e+10,1.26546e+16,9703.12,16.6258,0.831289,,,,,,,,,,,,,,,,,,,,0.274135,0.078006,0.888437,0.203674,,,,,,
2026-07-02T15:04:56Z,540,,0.0015,12.0111,11.9544,,2.8345,1.09487e+13,,,,,,,,,,,,,,,,,,,,,,,,,,,,,,,,,
2026-07-02T15:04:56Z,540,1,0.0015,11.7842,11.9544,0,2.8345,6.99914e+12,1.26546e+16,10099.4,15.9677,0.798387,,,,,,,,,,,,,,,,,,,,0.280439,0.0801944,0.882574,0.211029,,,,,,
2026-07-02T15:05:12Z,550,,0.0015,12.7859,12.7307,,2.7599,4.73989e+11,,,,,,,,,,,,,,,,,,,,,,,,,,,,,,,,,
2026-07-02T15:05:12Z,550,1,0.0015,12.402,12.7307,0,2.7599,3.14812e+11,1.26546e+16,9871.95,16.2789,0.813947,,,,,,,,,,,,,,,,,,,,0.265512,0.0782356,0.886959,0.209167,,,,,,
2026-07-02T15:05:28Z,560,,0.0015,13.7496,13.694,,2.78255,2.25103e+11,,,,,,,,,,,,,,,,,,,,,,,,,,,,,,,,,
2026-07-02T15:05:28Z,560,1,0.0015,13.199,13.694,0,2.78255,4.28489e+10,1.26546e+16,10069.5,16.1549,0.807745,,,,,,,,,,,,,,,,,,,,0.272292,0.0812581,0.88215,0.22113,,,,,,
2026-07-02T15:05:45Z,570,,0.0015,14.4561,14.382,,3.70277,2.6664e+13,,,,,,,,,,,,,,,,,,,,,,,,,,,,,,,,,
2026-07-02T15:05:45Z,570,1,0.0015,14.2748,14.382,0,3.70277,1.61295e+13,1.26546e+16,9550.31,16.7711,0.838554,,,,,,,,,,,,,,,,,,,,0.47057,0.107473,0.817253,0.291901,,,,,,
2026-07-02T15:06:02Z,580,,0.0015,14.8959,14.8172,,3.93418,9.71168e+15,,,,,,,,,,,,,,,,,,,,,,,,,,,,,,,,,
2026-07-02T15:06:02Z,580,1,0.0015,14.6956,14.8172,0,3.93418,1.42363e+16,7.45836e+16,9505.89,17.0313,0.851566,,,,,,,,,,,,,,,,,,,,0.472855,0.109481,0.809136,0.291168,,,,,,
2026-07-02T15:06:19Z,590,,0.0015,15.0622,14.9782,,4.2039,1.82732e+18,,,,,,,,,,,,,,,,,,,,,,,,,,,,,,,,,
2026-07-02T15:06:19Z,590,1,0.0015,14.9444,14.9782,0,4.2039,inf,inf,9662.48,16.706,0.835298,,,,,,,,,,,,,,,,,,,,0.500518,0.111015,0.809997,0.301636,,,,,,
2026-07-02T15:06:36Z,600,,0.0015,15.0757,14.9899,,4.2924,4.54083e+18,,,,,,,,,,,,,,,,,,,,,,,,,,,,,,,,,
2026-07-02T15:06:36Z,600,1,0.0015,15.1054,14.9899,0,4.2924,9.91968e+17,inf,9499.38,17.0405,0.852024,10.2,12.977,31.6096,0,4.21806,7.81836,7.95953,67,63,53.06,,7.6875,7.95996,348.602,604.254,952.856,,,,0.510575,0.113878,0.803059,0.317017,,,,,,
2026-07-02T15:06:53Z,610,,0.0015,15.2228,15.1426,,4.01054,inf,,,,,,,,,,,,,,,,,,,,,,,,,,,,,,,,,
2026-07-02T15:06:53Z,610,1,0.0015,15.1602,15.1426,0,4.01054,inf,inf,9520.11,17.0217,0.851083,,,,,,,,,,,,,,,,,,,,0.464502,0.10514,0.81726,0.280396,,,,,,
2026-07-02T15:07:10Z,620,,0.0015,15.2108,15.1224,,4.42027,inf,,,,,,,,,,,,,,,,,,,,,,,,,,,,,,,,,
2026-07-02T15:07:10Z,620,1,0.0015,15.1512,15.1224,0,4.42027,inf,inf,9029.6,17.8178,0.890892,,,,,,,,,,,,,,,,,,,,0.519133,0.11552,0.799266,0.321259,,,,,,
2026-07-02T15:07:27Z,630,,0.0015,15.2803,15.1943,,4.29919,2.62211e+18,,,,,,,,,,,,,,,,,,,,,,,,,,,,,,,,,
2026-07-02T15:07:27Z,630,1,0.0015,15.177,15.1943,0,4.29919,inf,inf,9710.47,16.6595,0.832977,,,,,,,,,,,,,,,,,,,,0.506703,0.112175,0.805337,0.305115,,,,,,
2026-07-02T15:07:44Z,640,,0.0015,15.155,15.0677,,4.36418,1.95789e+18,,,,,,,,,,,,,,,,,,,,,,,,,,,,,,,,,
2026-07-02T15:07:44Z,640,1,0.0015,15.2228,15.0677,0,4.36418,inf,inf,9760.72,16.4037,0.820185,,,,,,,,,,,,,,,,,,,,0.515395,0.114518,0.801691,0.320343,,,,,,
2026-07-02T15:08:00Z,650,,0.0015,15.2777,15.1941,,4.17914,inf,,,,,,,,,,,,,,,,,,,,,,,,,,,,,,,,,
2026-07-02T15:08:00Z,650,1,0.0015,15.2613,15.1941,0,4.17914,inf,inf,10055.2,16.0657,0.803283,,,,,,,,,,,,,,,,,,,,0.488313,0.107954,0.816079,0.297089,,,,,,
2026-07-02T15:08:16Z,660,,0.0015,15.2524,15.1675,,4.2455,inf,,,,,,,,,,,,,,,,,,,,,,,,,,,,,,,,,
2026-07-02T15:08:16Z,660,1,0.0015,15.2716,15.1675,0,4.2455,inf,inf,10128.6,15.9991,0.799955,,,,,,,,,,,,,,,,,,,,0.496313,0.110948,0.807896,0.30426,,,,,,
2026-07-02T15:08:31Z,670,,0.0015,15.3026,15.2174,,4.25966,4.48344e+18,,,,,,,,,,,,,,,,,,,,,,,,,,,,,,,,,
2026-07-02T15:08:31Z,670,1,0.0015,15.2726,15.2174,0,4.25966,inf,inf,10204.9,15.7401,0.787007,,,,,,,,,,,,,,,,,,,,0.503071,0.112519,0.807289,0.310242,,,,,,
2026-07-02T15:08:47Z,680,,0.0015,15.1836,15.0982,,4.26791,inf,,,,,,,,,,,,,,,,,,,,,,,,,,,,,,,,,
2026-07-02T15:08:47Z,680,1,0.0015,15.3389,15.0982,0,4.26791,inf,inf,10258.7,15.7042,0.785212,,,,,,,,,,,,,,,,,,,,0.507865,0.112655,0.803826,0.307434,,,,,,
2026-07-02T15:09:03Z,690,,0.0015,15.423,15.3341,,4.44469,inf,,,,,,,,,,,,,,,,,,,,,,,,,,,,,,,,,
2026-07-02T15:09:03Z,690,1,0.0015,15.3921,15.3341,0,4.44469,inf,inf,10211.7,15.8387,0.791936,,,,,,,,,,,,,,,,,,,,0.517186,0.114827,0.798279,0.311707,,,,,,
2026-07-02T15:09:19Z,700,,0.0015,15.4498,15.3636,,4.30853,inf,,,,,,,,,,,,,,,,,,,,,,,,,,,,,,,,,
2026-07-02T15:09:19Z,700,1,0.0015,15.3853,15.3636,0,4.30853,inf,inf,10229.5,15.8502,0.792508,9.3,12.7103,31.6096,0,4.21806,7.81836,7.95953,91,62,49.65,,7.6875,7.95996,348.603,604.254,952.856,,,,0.503264,0.112458,0.804819,0.312805,,,,,,
2026-07-02T15:09:35Z,710,,0.0015,15.3234,15.2381,,4.26593,inf,,,,,,,,,,,,,,,,,,,,,,,,,,,,,,,,,
2026-07-02T15:09:35Z,710,1,0.0015,15.359,15.2381,0,4.26593,inf,inf,9926.54,16.3447,0.817233,,,,,,,,,,,,,,,,,,,,0.507869,0.112631,0.804234,0.307556,,,,,,
2026-07-02T15:09:51Z,720,,0.0015,15.185,15.1003,,4.23495,inf,,,,,,,,,,,,,,,,,,,,,,,,,,,,,,,,,
2026-07-02T15:09:51Z,720,1,0.0015,15.3161,15.1003,0,4.23495,inf,inf,10106.2,15.9613,0.798066,,,,,,,,,,,,,,,,,,,,0.492722,0.1075,0.814103,0.291992,,,,,,
2026-07-02T15:10:08Z,730,,0.0015,15.331,15.2401,,4.54516,inf,,,,,,,,,,,,,,,,,,,,,,,,,,,,,,,,,
2026-07-02T15:10:08Z,730,1,0.0015,15.2971,15.2401,0,4.54516,inf,inf,9488.11,16.9731,0.848657,,,,,,,,,,,,,,,,,,,,0.534895,0.117297,0.792938,0.323608,,,,,,
2026-07-02T15:10:25Z,740,,0.0015,15.3103,15.2238,,4.32067,inf,,,,,,,,,,,,,,,,,,,,,,,,,,,,,,,,,
2026-07-02T15:10:25Z,740,1,0.0015,15.2853,15.2238,0,4.32067,inf,inf,9724.14,16.6499,0.832495,,,,,,,,,,,,,,,,,,,,0.501667,0.110835,0.805788,0.302582,,,,,,
2026-07-02T15:10:41Z,750,,0.0015,15.2718,15.1841,,4.38604,inf,,,,,,,,,,,,,,,,,,,,,,,,,,,,,,,,,
2026-07-02T15:10:41Z,750,1,0.0015,15.2651,15.1841,0,4.38604,inf,inf,9778.58,16.5385,0.826925,,,,,,,,,,,,,,,,,,,,0.513897,0.114434,0.799065,0.317108,,,,,,
2026-07-02T15:10:58Z,760,,0.0015,15.2383,15.1513,,4.35164,inf,,,,,,,,,,,,,,,,,,,,,,,,,,,,,,,,,
2026-07-02T15:10:58Z,760,1,0.0015,15.2631,15.1513,0,4.35164,inf,inf,9788.97,16.5268,0.826339,,,,,,,,,,,,,,,,,,,,0.513342,0.113205,0.802139,0.3125,,,,,,
2026-07-02T15:11:14Z,770,,0.0015,15.0964,15.0155,,4.04461,inf,,,,,,,,,,,,,,,,,,,,,,,,,,,,,,,,,
2026-07-02T15:11:14Z,770,2,0.0015,15.182,15.0155,0,4.04461,inf,inf,9661.03,16.5784,0.828918,,,,,,,,,,,,,,,,,,,,0.472374,0.106217,0.818509,0.29126,,,,,,
2026-07-02T15:11:31Z,780,,0.0015,15.2115,15.1216,,4.49568,inf,,,,,,,,,,,,,,,,,,,,,,,,,,,,,,,,,
2026-07-02T15:11:31Z,780,2,0.0015,15.1795,15.1216,0,4.49568,inf,inf,9878.45,16.443,0.822148,,,,,,,,,,,,,,,,,,,,0.526465,0.11643,0.794446,0.321198,,,,,,
2026-07-02T15:11:47Z,790,,0.0015,15.1975,15.11,,4.37549,inf,,,,,,,,,,,,,,,,,,,,,,,,,,,,,,,,,
2026-07-02T15:11:47Z,790,2,0.0015,15.1556,15.11,0,4.37549,inf,inf,9949.49,16.1937,0.809684,,,,,,,,,,,,,,,,,,,,0.509238,0.112349,0.805359,0.308105,,,,,,
2026-07-02T15:12:04Z,800,,0.0015,15.1004,15.0136,,4.34108,inf,,,,,,,,,,,,,,,,,,,,,,,,,,,,,,,,,
2026-07-02T15:12:04Z,800,2,0.0015,15.1034,15.0136,0,4.34108,inf,inf,9710.66,16.5829,0.829145,9.5,12.8969,31.6096,0,4.21806,7.81836,7.95953,51,61,52.85,,7.6875,7.95996,348.604,604.253,952.856,,,,0.508783,0.111757,0.808659,0.312164,,,,,,
2026-07-02T15:12:20Z,810,,0.0015,15.0756,14.99,,4.27978,inf,,,,,,,,,,,,,,,,,,,,,,,,,,,,,,,,,
2026-07-02T15:12:20Z,810,2,0.0015,15.0972,14.99,0,4.27978,inf,inf,9765.87,16.4792,0.823962,,,,,,,,,,,,,,,,,,,,0.505028,0.111632,0.806726,0.3078,,,,,,
2026-07-02T15:12:37Z,820,,0.0015,15.0364,14.9495,,4.34565,5.08225e+18,,,,,,,,,,,,,,,,,,,,,,,,,,,,,,,,,
2026-07-02T15:12:37Z,820,2,0.0015,15.0623,14.9495,0,4.34565,inf,inf,9839.82,16.484,0.824202,,,,,,,,,,,,,,,,,,,,0.512504,0.113332,0.802931,0.308838,,,,,,
2026-07-02T15:12:53Z,830,,0.0015,15.0114,14.9218,,4.47938,inf,,,,,,,,,,,,,,,,,,,,,,,,,,,,,,,,,
2026-07-02T15:12:53Z,830,2,0.0015,15.0361,14.9218,0,4.47938,inf,inf,9746.2,16.4021,0.820104,,,,,,,,,,,,,,,,,,,,0.526836,0.115071,0.799669,0.317352,,,,,,
2026-07-02T15:13:10Z,840,,0.0015,15.0222,14.9339,,4.41798,inf,,,,,,,,,,,,,,,,,,,,,,,,,,,,,,,,,
2026-07-02T15:13:10Z,840,2,0.0015,15.0456,14.9339,0,4.41798,inf,inf,9641.44,16.7414,0.837069,,,,,,,,,,,,,,,,,,,,0.521708,0.115077,0.798857,0.317383,,,,,,
2026-07-02T15:13:26Z,850,,0.0015,15.0211,14.9359,,4.25541,inf,,,,,,,,,,,,,,,,,,,,,,,,,,,,,,,,,
2026-07-02T15:13:26Z,850,2,0.0015,15.0625,14.9359,0,4.25541,inf,inf,9747.44,16.5432,0.827161,,,,,,,,,,,,,,,,,,,,0.501473,0.110665,0.809397,0.30072,,,,,,
2026-07-02T15:13:43Z,860,,0.0015,15.1381,15.048,,4.50399,inf,,,,,,,,,,,,,,,,,,,,,,,,,,,,,,,,,
2026-07-02T15:13:43Z,860,2,0.0015,15.1036,15.048,0,4.50399,inf,inf,9964.16,16.1854,0.80927,,,,,,,,,,,,,,,,,,,,0.531065,0.116746,0.79294,0.320892,,,,,,
2026-07-02T15:13:58Z,870,,0.0015,15.0552,14.9653,,4.4973,inf,,,,,,,,,,,,,,,,,,,,,,,,,,,,,,,,,
2026-07-02T15:13:59Z,870,2,0.0015,15.1145,14.9653,0,4.4973,inf,inf,10129.7,15.9825,0.799123,,,,,,,,,,,,,,,,,,,,0.529765,0.116361,0.796828,0.32251,,,,,,
2026-07-02T15:14:15Z,880,,0.0015,15.1642,15.0755,,4.43235,inf,,,,,,,,,,,,,,,,,,,,,,,,,,,,,,,,,
2026-07-02T15:14:15Z,880,2,0.0015,15.1276,15.0755,0,4.43235,inf,inf,9854.64,16.354,0.817701,,,,,,,,,,,,,,,,,,,,0.523675,0.114744,0.798893,0.31781,,,,,,
2026-07-02T15:14:31Z,890,,0.0015,15.1792,15.0911,,4.40769,inf,,,,,,,,,,,,,,,,,,,,,,,,,,,,,,,,,
2026-07-02T15:14:31Z,890,2,0.0015,15.1144,15.0911,0,4.40769,inf,inf,10281.9,15.6999,0.784994,,,,,,,,,,,,,,,,,,,,0.522711,0.11532,0.798083,0.316559,,,,,,
2026-07-02T15:14:46Z,900,,0.0015,15.1567,15.0679,,4.43891,inf,,,,,,,,,,,,,,,,,,,,,,,,,,,,,,,,,
2026-07-02T15:14:46Z,900,2,0.0015,15.1078,15.0679,0,4.43891,inf,inf,10158.1,15.8569,0.792847,10.3,12.9348,31.6096,0,4.21806,7.81836,7.95953,100,60,49.19,,7.6875,7.95996,348.604,604.253,952.856,,,,0.519283,0.114788,0.796857,0.31662,,,,,,
2026-07-02T15:15:02Z,910,,0.0015,15.0658,14.978,,4.39139,inf,,,,,,,,,,,,,,,,,,,,,,,,,,,,,,,,,
2026-07-02T15:15:02Z,910,2,0.0015,15.1145,14.978,0,4.39139,inf,inf,10071.6,16.0164,0.800818,,,,,,,,,,,,,,,,,,,,0.518572,0.113546,0.800799,0.314667,,,,,,
2026-07-02T15:15:19Z,920,,0.0015,15.1712,15.0844,,4.34053,inf,,,,,,,,,,,,,,,,,,,,,,,,,,,,,,,,,
2026-07-02T15:15:19Z,920,2,0.0015,15.1481,15.0844,0,4.34053,inf,inf,9935.11,16.2626,0.813131,,,,,,,,,,,,,,,,,,,,0.507771,0.112665,0.801027,0.308044,,,,,,
2026-07-02T15:15:35Z,930,,0.0015,15.2531,15.1591,,4.70337,inf,,,,,,,,,,,,,,,,,,,,,,,,,,,,,,,,,
2026-07-02T15:15:35Z,930,2,0.0015,15.1441,15.1591,0,4.70337,inf,inf,9923.76,16.3151,0.815755,,,,,,,,,,,,,,,,,,,,0.552398,0.120973,0.781796,0.334625,,,,,,
2026-07-02T15:17:23Z,940,,0.0015,15.1367,15.0464,,4.51609,inf,,,,,,,,,,,,,,,,,,,,,,,,,,,,,,,,,
2026-07-02T15:17:23Z,940,2,0.0015,15.1456,15.0464,0,4.51609,inf,inf,1501.21,108.367,5.41835,,,,,,,,,,,,,,,,,,,,0.532706,0.116792,0.79201,0.321808,,,,,,
2026-07-02T15:17:40Z,950,,0.0015,15.0605,14.9784,,4.10436,inf,,,,,,,,,,,,,,,,,,,,,,,,,,,,,,,,,
2026-07-02T15:17:40Z,950,2,0.0015,15.1235,14.9784,0,4.10436,inf,inf,9480.64,16.9949,0.849743,,,,,,,,,,,,,,,,,,,,0.4809,0.106054,0.816728,0.289886,,,,,,
2026-07-02T15:19:48Z,960,,0.0015,15.0712,14.9801,,4.55626,inf,,,,,,,,,,,,,,,,,,,,,,,,,,,,,,,,,
2026-07-02T15:19:48Z,960,2,0.0015,15.0742,14.9801,0,4.55626,inf,inf,1260.99,127.407,6.37033,,,,,,,,,,,,,,,,,,,,0.534172,0.117442,0.791453,0.326935,,,,,,
2026-07-02T15:20:05Z,970,,0.0015,15.0118,14.9283,,4.17769,inf,,,,,,,,,,,,,,,,,,,,,,,,,,,,,,,,,
2026-07-02T15:20:05Z,970,2,0.0015,15.0598,14.9283,0,4.17769,inf,inf,9302.89,17.3412,0.867059,,,,,,,,,,,,,,,,,,,,0.49179,0.109281,0.810283,0.299744,,,,,,
2026-07-02T15:20:23Z,980,,0.0015,15.0478,14.9559,,4.59679,inf,,,,,,,,,,,,,,,,,,,,,,,,,,,,,,,,,
2026-07-02T15:20:23Z,980,2,0.0015,15.0143,14.9559,0,4.59679,inf,inf,9126.64,17.5957,0.879787,,,,,,,,,,,,,,,,,,,,0.537411,0.118103,0.790362,0.32605,,,,,,
